Species,x,y
Symphyotrichum_prenanthoides,-90.601133,43.674514
Symphyotrichum_prenanthoides,-90.372482,42.383531
Symphyotrichum_prenanthoides,-90.191322,43.581437
Symphyotrichum_prenanthoides,-90.054198,42.447125
Symphyotrichum_prenanthoides,-90.005098,44.377171
Symphyotrichum_prenanthoides,-89.983243,43.359965
Symphyotrichum_prenanthoides,-89.95363,43.338194
Symphyotrichum_prenanthoides,-89.949202,43.362526
Symphyotrichum_prenanthoides,-89.90058,43.920373
Symphyotrichum_prenanthoides,-89.814428,43.397026
Symphyotrichum_prenanthoides,-89.810976,43.238759
Symphyotrichum_prenanthoides,-89.802268,43.396792
Symphyotrichum_prenanthoides,-89.800519,43.396486
Symphyotrichum_prenanthoides,-89.799556,43.396034
Symphyotrichum_prenanthoides,-89.799102,43.395754
Symphyotrichum_prenanthoides,-89.797788,43.387653
Symphyotrichum_prenanthoides,-89.797172,43.394918
Symphyotrichum_prenanthoides,-89.782615,43.429045
Symphyotrichum_prenanthoides,-89.722745,44.607503
Symphyotrichum_prenanthoides,-89.680326,42.958338
Symphyotrichum_prenanthoides,-89.638406,43.414913
Symphyotrichum_prenanthoides,-88.927019,43.037523
Symphyotrichum_prenanthoides,-88.530965,43.465018
Symphyotrichum_prenanthoides,-88.349143,43.165894
Symphyotrichum_prenanthoides,-88.310322,43.375795
Symphyotrichum_prenanthoides,-88.21057,43.505933
Symphyotrichum_prenanthoides,-88.111799,43.316343
Symphyotrichum_prenanthoides,-88.037801,42.937003
Symphyotrichum_prenanthoides,-88.00925,43.431801
Symphyotrichum_prenanthoides,-88.007588,43.049457
Symphyotrichum_prenanthoides,-87.992708,42.229116
Symphyotrichum_prenanthoides,-87.989932,43.637737
Symphyotrichum_prenanthoides,-87.916768,43.082477
Symphyotrichum_prenanthoides,-87.900086,43.113344
Symphyotrichum_prenanthoides,-87.89405,42.276756
Symphyotrichum_prenanthoides,-87.69597,41.954376
Symphyotrichum_prenanthoides,-87.695678,41.954738
Symphyotrichum_prenanthoides,-87.695669,41.954721
Symphyotrichum_prenanthoides,-87.695578,41.954716
Symphyotrichum_prenanthoides,-87.695575,41.95476
Symphyotrichum_prenanthoides,-87.397535,40.95585
Symphyotrichum_prenanthoides,-85.474621,39.24142
Symphyotrichum_prenanthoides,-84.723809,39.004545
Symphyotrichum_prenanthoides,-84.5,38.0333
Symphyotrichum_prenanthoides,-84.5,38.039249
Symphyotrichum_prenanthoides,-84.5,38.05
Symphyotrichum_prenanthoides,-84.339783,37.102518
Symphyotrichum_prenanthoides,-84.306497,37.035141
Symphyotrichum_prenanthoides,-84.268333,37.90056
Symphyotrichum_prenanthoides,-84.228988,38.871947
Symphyotrichum_prenanthoides,-84.082909,39.034941
Symphyotrichum_prenanthoides,-83.98434,35.377521
Symphyotrichum_prenanthoides,-83.688375,37.77692
Symphyotrichum_prenanthoides,-83.67157,37.768147
Symphyotrichum_prenanthoides,-83.666412,37.82045
Symphyotrichum_prenanthoides,-83.659081,37.300894
Symphyotrichum_prenanthoides,-83.614635,38.120081
Symphyotrichum_prenanthoides,-83.606944,35.174444
Symphyotrichum_prenanthoides,-83.580556,35.168333
Symphyotrichum_prenanthoides,-83.561111,37.769722
Symphyotrichum_prenanthoides,-83.023047,40.042813
Symphyotrichum_prenanthoides,-82.930244,40.351579
Symphyotrichum_prenanthoides,-82.534432,39.24588
Symphyotrichum_prenanthoides,-82.526917,39.419647
Symphyotrichum_prenanthoides,-82.515447,40.75839
Symphyotrichum_prenanthoides,-82.409092,38.398262
Symphyotrichum_prenanthoides,-82.405881,39.901954
Symphyotrichum_prenanthoides,-82.337494,36.028435
Symphyotrichum_prenanthoides,-82.312458,37.296406
Symphyotrichum_prenanthoides,-82.293444,37.271056
Symphyotrichum_prenanthoides,-82.29075,37.29975
Symphyotrichum_prenanthoides,-82.178262,38.155509
Symphyotrichum_prenanthoides,-82.150467,39.385893
Symphyotrichum_prenanthoides,-82.097051,39.456951
Symphyotrichum_prenanthoides,-82.049053,39.350429
Symphyotrichum_prenanthoides,-82.032628,39.967915
Symphyotrichum_prenanthoides,-82.01869,39.336278
Symphyotrichum_prenanthoides,-82.018652,39.336228
Symphyotrichum_prenanthoides,-82.017384,39.339208
Symphyotrichum_prenanthoides,-82.001111,37.697222
Symphyotrichum_prenanthoides,-81.990556,38.791111
Symphyotrichum_prenanthoides,-81.95343,39.58823
Symphyotrichum_prenanthoides,-81.945833,38.899444
Symphyotrichum_prenanthoides,-81.935143,40.805056
Symphyotrichum_prenanthoides,-81.92778,35.961962
Symphyotrichum_prenanthoides,-81.9274,36.177017
Symphyotrichum_prenanthoides,-81.901863,38.478608
Symphyotrichum_prenanthoides,-81.893372,36.045258
Symphyotrichum_prenanthoides,-81.86,38.686667
Symphyotrichum_prenanthoides,-81.808177,36.139594
Symphyotrichum_prenanthoides,-81.792442,40.364918
Symphyotrichum_prenanthoides,-81.791667,38.354722
Symphyotrichum_prenanthoides,-81.727778,38.416667
Symphyotrichum_prenanthoides,-81.712995,36.312728
Symphyotrichum_prenanthoides,-81.710144,36.245505
Symphyotrichum_prenanthoides,-81.71014,36.24551
Symphyotrichum_prenanthoides,-81.708084,36.240244
Symphyotrichum_prenanthoides,-81.69637,36.2311
Symphyotrichum_prenanthoides,-81.695883,41.208386
Symphyotrichum_prenanthoides,-81.684026,36.140259
Symphyotrichum_prenanthoides,-81.680798,35.926562
Symphyotrichum_prenanthoides,-81.674828,38.260472
Symphyotrichum_prenanthoides,-81.67455,36.2168
Symphyotrichum_prenanthoides,-81.66809,38.253892
Symphyotrichum_prenanthoides,-81.662603,38.25311
Symphyotrichum_prenanthoides,-81.656868,38.263123
Symphyotrichum_prenanthoides,-81.6205,36.405
Symphyotrichum_prenanthoides,-81.589593,41.158738
Symphyotrichum_prenanthoides,-81.5832,41.2035
Symphyotrichum_prenanthoides,-81.583111,36.424722
Symphyotrichum_prenanthoides,-81.580301,41.186937
Symphyotrichum_prenanthoides,-81.567812,41.280825
Symphyotrichum_prenanthoides,-81.556662,41.246548
Symphyotrichum_prenanthoides,-81.553669,41.234329
Symphyotrichum_prenanthoides,-81.525063,41.215473
Symphyotrichum_prenanthoides,-81.515486,36.238651
Symphyotrichum_prenanthoides,-81.490165,41.386708
Symphyotrichum_prenanthoides,-81.482535,41.35646
Symphyotrichum_prenanthoides,-81.460254,42.867151
Symphyotrichum_prenanthoides,-81.459245,41.242255
Symphyotrichum_prenanthoides,-81.453537,39.455696
Symphyotrichum_prenanthoides,-81.421231,42.887728
Symphyotrichum_prenanthoides,-81.42114,42.887457
Symphyotrichum_prenanthoides,-81.40819,42.876355
Symphyotrichum_prenanthoides,-81.408166,42.87642
Symphyotrichum_prenanthoides,-81.388407,39.045301
Symphyotrichum_prenanthoides,-81.384468,42.675298
Symphyotrichum_prenanthoides,-81.357886,41.153667
Symphyotrichum_prenanthoides,-81.26,37.937
Symphyotrichum_prenanthoides,-81.259872,42.789415
Symphyotrichum_prenanthoides,-81.209628,42.737908
Symphyotrichum_prenanthoides,-81.178333,42.668333
Symphyotrichum_prenanthoides,-81.120274,42.672327
Symphyotrichum_prenanthoides,-81.080833,42.888055
Symphyotrichum_prenanthoides,-81.076043,38.048716
Symphyotrichum_prenanthoides,-81.055513,42.610743
Symphyotrichum_prenanthoides,-81.050743,42.713725
Symphyotrichum_prenanthoides,-81.027788,42.697174
Symphyotrichum_prenanthoides,-81.006654,38.034639
Symphyotrichum_prenanthoides,-81.003697,42.662603
Symphyotrichum_prenanthoides,-80.927222,38.547778
Symphyotrichum_prenanthoides,-80.926667,39.4575
Symphyotrichum_prenanthoides,-80.923889,39.459167
Symphyotrichum_prenanthoides,-80.920556,39.478889
Symphyotrichum_prenanthoides,-80.919014,42.674826
Symphyotrichum_prenanthoides,-80.889519,41.434658
Symphyotrichum_prenanthoides,-80.8775,39.388056
Symphyotrichum_prenanthoides,-80.867975,39.931461
Symphyotrichum_prenanthoides,-80.866395,38.879855
Symphyotrichum_prenanthoides,-80.865556,39.229167
Symphyotrichum_prenanthoides,-80.85675,40.900892
Symphyotrichum_prenanthoides,-80.852875,38.246746
Symphyotrichum_prenanthoides,-80.852778,39.327222
Symphyotrichum_prenanthoides,-80.810278,38.939167
Symphyotrichum_prenanthoides,-80.8075,39.401944
Symphyotrichum_prenanthoides,-80.806667,39.403611
Symphyotrichum_prenanthoides,-80.806389,39.403889
Symphyotrichum_prenanthoides,-80.804167,39.406944
Symphyotrichum_prenanthoides,-80.799167,38.552222
Symphyotrichum_prenanthoides,-80.7725,38.858333
Symphyotrichum_prenanthoides,-80.757915,41.587575
Symphyotrichum_prenanthoides,-80.752778,39.384444
Symphyotrichum_prenanthoides,-80.735833,38.966111
Symphyotrichum_prenanthoides,-80.735,42.8434
Symphyotrichum_prenanthoides,-80.73497,42.84339
Symphyotrichum_prenanthoides,-80.720915,40.063962
Symphyotrichum_prenanthoides,-80.677222,38.771389
Symphyotrichum_prenanthoides,-80.662778,38.8775
Symphyotrichum_prenanthoides,-80.633964,40.36979
Symphyotrichum_prenanthoides,-80.632562,38.352438
Symphyotrichum_prenanthoides,-80.6175,41.013889
Symphyotrichum_prenanthoides,-80.531892,39.73943
Symphyotrichum_prenanthoides,-80.527778,39.368056
Symphyotrichum_prenanthoides,-80.508113,40.275061
Symphyotrichum_prenanthoides,-80.495102,40.416195
Symphyotrichum_prenanthoides,-80.488238,41.020143
Symphyotrichum_prenanthoides,-80.487377,39.960101
Symphyotrichum_prenanthoides,-80.473333,39.870278
Symphyotrichum_prenanthoides,-80.472966,41.24848
Symphyotrichum_prenanthoides,-80.472639,40.369482
Symphyotrichum_prenanthoides,-80.467664,39.954818
Symphyotrichum_prenanthoides,-80.44946,40.19146
Symphyotrichum_prenanthoides,-80.443499,40.960598
Symphyotrichum_prenanthoides,-80.441626,40.275069
Symphyotrichum_prenanthoides,-80.423956,41.675002
Symphyotrichum_prenanthoides,-80.420963,39.94731
Symphyotrichum_prenanthoides,-80.418641,37.465917
Symphyotrichum_prenanthoides,-80.416367,40.885519
Symphyotrichum_prenanthoides,-80.41392,40.410042
Symphyotrichum_prenanthoides,-80.4121,41.125058
Symphyotrichum_prenanthoides,-80.410344,40.067123
Symphyotrichum_prenanthoides,-80.40769,38.480982
Symphyotrichum_prenanthoides,-80.400714,39.551619
Symphyotrichum_prenanthoides,-80.400181,40.835697
Symphyotrichum_prenanthoides,-80.393333,38.773889
Symphyotrichum_prenanthoides,-80.36809,40.45506
Symphyotrichum_prenanthoides,-80.3673,40.437
Symphyotrichum_prenanthoides,-80.364459,40.508799
Symphyotrichum_prenanthoides,-80.363495,37.728539
Symphyotrichum_prenanthoides,-80.36127,40.504737
Symphyotrichum_prenanthoides,-80.360815,40.455281
Symphyotrichum_prenanthoides,-80.357523,41.326207
Symphyotrichum_prenanthoides,-80.347009,41.003672
Symphyotrichum_prenanthoides,-80.34229,39.89581
Symphyotrichum_prenanthoides,-80.342222,39.011944
Symphyotrichum_prenanthoides,-80.341439,40.834229
Symphyotrichum_prenanthoides,-80.337737,38.177662
Symphyotrichum_prenanthoides,-80.333756,39.831263
Symphyotrichum_prenanthoides,-80.322753,41.118746
Symphyotrichum_prenanthoides,-80.321741,39.757402
Symphyotrichum_prenanthoides,-80.320237,37.189687
Symphyotrichum_prenanthoides,-80.319471,37.190256
Symphyotrichum_prenanthoides,-80.317286,40.974228
Symphyotrichum_prenanthoides,-80.315833,38.633333
Symphyotrichum_prenanthoides,-80.31267,40.6937
Symphyotrichum_prenanthoides,-80.304785,40.695344
Symphyotrichum_prenanthoides,-80.303892,41.041657
Symphyotrichum_prenanthoides,-80.29733,41.04145
Symphyotrichum_prenanthoides,-80.287448,41.091744
Symphyotrichum_prenanthoides,-80.286921,38.216988
Symphyotrichum_prenanthoides,-80.282006,40.696298
Symphyotrichum_prenanthoides,-80.281018,40.989918
Symphyotrichum_prenanthoides,-80.278953,39.981462
Symphyotrichum_prenanthoides,-80.259318,40.207093
Symphyotrichum_prenanthoides,-80.23931,40.502052
Symphyotrichum_prenanthoides,-80.235329,40.930809
Symphyotrichum_prenanthoides,-80.230833,38.606944
Symphyotrichum_prenanthoides,-80.228051,40.899866
Symphyotrichum_prenanthoides,-80.227009,40.574235
Symphyotrichum_prenanthoides,-80.207603,40.56314
Symphyotrichum_prenanthoides,-80.206389,38.620833
Symphyotrichum_prenanthoides,-80.2023,37.803603
Symphyotrichum_prenanthoides,-80.199037,40.239538
Symphyotrichum_prenanthoides,-80.194851,40.922684
Symphyotrichum_prenanthoides,-80.187066,40.51058
Symphyotrichum_prenanthoides,-80.183673,41.393111
Symphyotrichum_prenanthoides,-80.179491,40.980109
Symphyotrichum_prenanthoides,-80.17923,39.925452
Symphyotrichum_prenanthoides,-80.178889,40.414444
Symphyotrichum_prenanthoides,-80.171389,40.410556
Symphyotrichum_prenanthoides,-80.166725,40.518401
Symphyotrichum_prenanthoides,-80.158437,41.590595
Symphyotrichum_prenanthoides,-80.149606,41.056786
Symphyotrichum_prenanthoides,-80.142659,41.033722
Symphyotrichum_prenanthoides,-80.141667,41.531667
Symphyotrichum_prenanthoides,-80.140335,40.503957
Symphyotrichum_prenanthoides,-80.138333,37.436111
Symphyotrichum_prenanthoides,-80.138056,37.436111
Symphyotrichum_prenanthoides,-80.13322,40.578147
Symphyotrichum_prenanthoides,-80.131389,37.430556
Symphyotrichum_prenanthoides,-80.13081,40.86275
Symphyotrichum_prenanthoides,-80.113061,41.867747
Symphyotrichum_prenanthoides,-80.105543,41.186227
Symphyotrichum_prenanthoides,-80.10365,39.86871
Symphyotrichum_prenanthoides,-80.103414,39.06871
Symphyotrichum_prenanthoides,-80.101172,42.163114
Symphyotrichum_prenanthoides,-80.1,39.9
Symphyotrichum_prenanthoides,-80.1,39.93333
Symphyotrichum_prenanthoides,-80.1,41.03333
Symphyotrichum_prenanthoides,-80.09808,39.91133
Symphyotrichum_prenanthoides,-80.094007,40.658088
Symphyotrichum_prenanthoides,-80.091583,39.731813
Symphyotrichum_prenanthoides,-80.086921,40.550618
Symphyotrichum_prenanthoides,-80.08447,41.00881
Symphyotrichum_prenanthoides,-80.082046,41.711897
Symphyotrichum_prenanthoides,-80.08167,39.92444
Symphyotrichum_prenanthoides,-80.078056,38.540556
Symphyotrichum_prenanthoides,-80.073651,41.079242
Symphyotrichum_prenanthoides,-80.073279,42.107756
Symphyotrichum_prenanthoides,-80.0732,40.84395
Symphyotrichum_prenanthoides,-80.068985,41.319048
Symphyotrichum_prenanthoides,-80.066944,38.559722
Symphyotrichum_prenanthoides,-80.066372,40.518803
Symphyotrichum_prenanthoides,-80.065697,39.041164
Symphyotrichum_prenanthoides,-80.059038,41.229969
Symphyotrichum_prenanthoides,-80.049167,41.935665
Symphyotrichum_prenanthoides,-80.048299,39.982862
Symphyotrichum_prenanthoides,-80.045076,39.745665
Symphyotrichum_prenanthoides,-80.041773,40.951641
Symphyotrichum_prenanthoides,-80.035256,41.917447
Symphyotrichum_prenanthoides,-80.031301,40.6198
Symphyotrichum_prenanthoides,-80.027065,40.606274
Symphyotrichum_prenanthoides,-80.025723,40.799557
Symphyotrichum_prenanthoides,-80.02527,40.62801
Symphyotrichum_prenanthoides,-80.014226,40.846826
Symphyotrichum_prenanthoides,-80.00505,41.010474
Symphyotrichum_prenanthoides,-80.002769,40.418751
Symphyotrichum_prenanthoides,-80.0022,41.01147
Symphyotrichum_prenanthoides,-80.001095,40.311958
Symphyotrichum_prenanthoides,-80.0008,41.0075
Symphyotrichum_prenanthoides,-79.99714,40.433701
Symphyotrichum_prenanthoides,-79.995509,40.798416
Symphyotrichum_prenanthoides,-79.995337,40.798676
Symphyotrichum_prenanthoides,-79.990849,42.119072
Symphyotrichum_prenanthoides,-79.989502,40.674789
Symphyotrichum_prenanthoides,-79.988215,40.671371
Symphyotrichum_prenanthoides,-79.983568,41.571691
Symphyotrichum_prenanthoides,-79.983114,41.423311
Symphyotrichum_prenanthoides,-79.97693,41.3437
Symphyotrichum_prenanthoides,-79.974774,40.370625
Symphyotrichum_prenanthoides,-79.972353,40.591827
Symphyotrichum_prenanthoides,-79.971442,41.876445
Symphyotrichum_prenanthoides,-79.97008,40.59668
Symphyotrichum_prenanthoides,-79.96742,40.5363
Symphyotrichum_prenanthoides,-79.965495,38.933748
Symphyotrichum_prenanthoides,-79.965072,40.207669
Symphyotrichum_prenanthoides,-79.964909,40.806308
Symphyotrichum_prenanthoides,-79.96207,40.8066
Symphyotrichum_prenanthoides,-79.95973,41.303337
Symphyotrichum_prenanthoides,-79.95047,38.02182
Symphyotrichum_prenanthoides,-79.947249,39.627527
Symphyotrichum_prenanthoides,-79.94508,40.46006
Symphyotrichum_prenanthoides,-79.927798,40.626494
Symphyotrichum_prenanthoides,-79.917062,40.137848
Symphyotrichum_prenanthoides,-79.904773,40.491458
Symphyotrichum_prenanthoides,-79.9,40.0
Symphyotrichum_prenanthoides,-79.899776,39.904721
Symphyotrichum_prenanthoides,-79.898676,40.681778
Symphyotrichum_prenanthoides,-79.898364,38.625742
Symphyotrichum_prenanthoides,-79.898344,40.681985
Symphyotrichum_prenanthoides,-79.897802,42.00419
Symphyotrichum_prenanthoides,-79.895924,40.62015
Symphyotrichum_prenanthoides,-79.893297,40.127744
Symphyotrichum_prenanthoides,-79.89328,40.51409
Symphyotrichum_prenanthoides,-79.884925,41.675183
Symphyotrichum_prenanthoides,-79.883437,38.635171
Symphyotrichum_prenanthoides,-79.881439,40.432013
Symphyotrichum_prenanthoides,-79.857866,39.723288
Symphyotrichum_prenanthoides,-79.855474,39.720961
Symphyotrichum_prenanthoides,-79.852963,41.412157
Symphyotrichum_prenanthoides,-79.851195,40.506411
Symphyotrichum_prenanthoides,-79.85,38.633333
Symphyotrichum_prenanthoides,-79.8479,38.593067
Symphyotrichum_prenanthoides,-79.847401,41.970537
Symphyotrichum_prenanthoides,-79.84639,41.969753
Symphyotrichum_prenanthoides,-79.83919,40.48618
Symphyotrichum_prenanthoides,-79.820973,39.453292
Symphyotrichum_prenanthoides,-79.812294,41.498652
Symphyotrichum_prenanthoides,-79.808486,42.18856
Symphyotrichum_prenanthoides,-79.785802,42.179746
Symphyotrichum_prenanthoides,-79.78333,42.25
Symphyotrichum_prenanthoides,-79.771111,40.183611
Symphyotrichum_prenanthoides,-79.771111,40.245278
Symphyotrichum_prenanthoides,-79.766714,40.523353
Symphyotrichum_prenanthoides,-79.765833,40.288889
Symphyotrichum_prenanthoides,-79.763333,42.231389
Symphyotrichum_prenanthoides,-79.762778,41.963889
Symphyotrichum_prenanthoides,-79.75833,40.63872
Symphyotrichum_prenanthoides,-79.753611,38.978611
Symphyotrichum_prenanthoides,-79.751982,39.26935
Symphyotrichum_prenanthoides,-79.743028,41.373745
Symphyotrichum_prenanthoides,-79.74167,40.13194
Symphyotrichum_prenanthoides,-79.7375,40.154167
Symphyotrichum_prenanthoides,-79.731653,40.087017
Symphyotrichum_prenanthoides,-79.728684,39.267232
Symphyotrichum_prenanthoides,-79.72393,41.31383
Symphyotrichum_prenanthoides,-79.722517,41.046611
Symphyotrichum_prenanthoides,-79.717222,40.106944
Symphyotrichum_prenanthoides,-79.708106,41.514266
Symphyotrichum_prenanthoides,-79.70578,39.110517
Symphyotrichum_prenanthoides,-79.703661,40.718025
Symphyotrichum_prenanthoides,-79.7,40.335
Symphyotrichum_prenanthoides,-79.696667,40.428611
Symphyotrichum_prenanthoides,-79.689863,38.962416
Symphyotrichum_prenanthoides,-79.675,40.558333
Symphyotrichum_prenanthoides,-79.673925,39.028477
Symphyotrichum_prenanthoides,-79.673889,40.206111
Symphyotrichum_prenanthoides,-79.670812,41.11692
Symphyotrichum_prenanthoides,-79.666193,40.208813
Symphyotrichum_prenanthoides,-79.659167,40.044444
Symphyotrichum_prenanthoides,-79.65556,40.09722
Symphyotrichum_prenanthoides,-79.655556,40.3125
Symphyotrichum_prenanthoides,-79.652778,40.661111
Symphyotrichum_prenanthoides,-79.651389,40.3
Symphyotrichum_prenanthoides,-79.65,40.9
Symphyotrichum_prenanthoides,-79.648611,40.140278
Symphyotrichum_prenanthoides,-79.645833,40.335278
Symphyotrichum_prenanthoides,-79.642719,40.847162
Symphyotrichum_prenanthoides,-79.641896,41.233904
Symphyotrichum_prenanthoides,-79.63191,39.767678
Symphyotrichum_prenanthoides,-79.627858,39.967603
Symphyotrichum_prenanthoides,-79.62222,40.36528
Symphyotrichum_prenanthoides,-79.612541,38.498074
Symphyotrichum_prenanthoides,-79.608253,38.961762
Symphyotrichum_prenanthoides,-79.607576,39.769519
Symphyotrichum_prenanthoides,-79.603225,39.962669
Symphyotrichum_prenanthoides,-79.601706,39.964242
Symphyotrichum_prenanthoides,-79.600308,39.18262
Symphyotrichum_prenanthoides,-79.59375,43.923747
Symphyotrichum_prenanthoides,-79.593475,39.847788
Symphyotrichum_prenanthoides,-79.583889,41.973611
Symphyotrichum_prenanthoides,-79.57868,39.519731
Symphyotrichum_prenanthoides,-79.575104,40.88781
Symphyotrichum_prenanthoides,-79.575,40.570556
Symphyotrichum_prenanthoides,-79.564866,41.533164
Symphyotrichum_prenanthoides,-79.563596,38.783567
Symphyotrichum_prenanthoides,-79.560333,41.133637
Symphyotrichum_prenanthoides,-79.554201,40.981285
Symphyotrichum_prenanthoides,-79.553915,41.734153
Symphyotrichum_prenanthoides,-79.552267,41.604398
Symphyotrichum_prenanthoides,-79.5458,38.00915
Symphyotrichum_prenanthoides,-79.544444,41.850833
Symphyotrichum_prenanthoides,-79.52733,40.82246
Symphyotrichum_prenanthoides,-79.525,41.678333
Symphyotrichum_prenanthoides,-79.52355,38.344133
Symphyotrichum_prenanthoides,-79.505341,40.71378
Symphyotrichum_prenanthoides,-79.503167,39.865667
Symphyotrichum_prenanthoides,-79.502142,39.865005
Symphyotrichum_prenanthoides,-79.49944,40.52361
Symphyotrichum_prenanthoides,-79.499385,39.879317
Symphyotrichum_prenanthoides,-79.498611,41.329444
Symphyotrichum_prenanthoides,-79.497187,39.863475
Symphyotrichum_prenanthoides,-79.496944,39.383889
Symphyotrichum_prenanthoides,-79.496872,39.863453
Symphyotrichum_prenanthoides,-79.496187,39.86382
Symphyotrichum_prenanthoides,-79.494446,39.861882
Symphyotrichum_prenanthoides,-79.494446,39.8675
Symphyotrichum_prenanthoides,-79.492712,39.871643
Symphyotrichum_prenanthoides,-79.490363,40.71922
Symphyotrichum_prenanthoides,-79.490045,41.08387
Symphyotrichum_prenanthoides,-79.488733,39.878083
Symphyotrichum_prenanthoides,-79.481944,40.379167
Symphyotrichum_prenanthoides,-79.478745,39.54793
Symphyotrichum_prenanthoides,-79.477888,39.397763
Symphyotrichum_prenanthoides,-79.474584,41.940839
Symphyotrichum_prenanthoides,-79.472856,39.545877
Symphyotrichum_prenanthoides,-79.456816,40.533894
Symphyotrichum_prenanthoides,-79.45588,41.567791
Symphyotrichum_prenanthoides,-79.453056,40.254722
Symphyotrichum_prenanthoides,-79.452495,41.249469
Symphyotrichum_prenanthoides,-79.450447,40.413869
Symphyotrichum_prenanthoides,-79.438101,41.318664
Symphyotrichum_prenanthoides,-79.430806,39.426238
Symphyotrichum_prenanthoides,-79.427778,40.123611
Symphyotrichum_prenanthoides,-79.426826,39.00747
Symphyotrichum_prenanthoides,-79.418211,39.054587
Symphyotrichum_prenanthoides,-79.417542,39.495813
Symphyotrichum_prenanthoides,-79.417525,39.501013
Symphyotrichum_prenanthoides,-79.409277,39.658685
Symphyotrichum_prenanthoides,-79.405636,43.819275
Symphyotrichum_prenanthoides,-79.405595,39.797884
Symphyotrichum_prenanthoides,-79.405037,43.818775
Symphyotrichum_prenanthoides,-79.398764,39.756572
Symphyotrichum_prenanthoides,-79.390959,40.453304
Symphyotrichum_prenanthoides,-79.385615,40.207883
Symphyotrichum_prenanthoides,-79.385322,41.214785
Symphyotrichum_prenanthoides,-79.385278,40.148611
Symphyotrichum_prenanthoides,-79.378467,40.374677
Symphyotrichum_prenanthoides,-79.366111,38.634722
Symphyotrichum_prenanthoides,-79.365813,39.482267
Symphyotrichum_prenanthoides,-79.359465,41.528448
Symphyotrichum_prenanthoides,-79.356667,38.615833
Symphyotrichum_prenanthoides,-79.351866,40.544088
Symphyotrichum_prenanthoides,-79.335556,40.089722
Symphyotrichum_prenanthoides,-79.324444,40.075833
Symphyotrichum_prenanthoides,-79.31754,40.946732
Symphyotrichum_prenanthoides,-79.30476,40.0741
Symphyotrichum_prenanthoides,-79.297083,38.274833
Symphyotrichum_prenanthoides,-79.291667,40.129167
Symphyotrichum_prenanthoides,-79.285,39.539722
Symphyotrichum_prenanthoides,-79.280556,40.077778
Symphyotrichum_prenanthoides,-79.280083,39.347426
Symphyotrichum_prenanthoides,-79.279478,40.260627
Symphyotrichum_prenanthoides,-79.278647,39.581675
Symphyotrichum_prenanthoides,-79.276389,39.2325
Symphyotrichum_prenanthoides,-79.275856,41.822839
Symphyotrichum_prenanthoides,-79.274979,39.954453
Symphyotrichum_prenanthoides,-79.270778,41.725575
Symphyotrichum_prenanthoides,-79.265029,40.021902
Symphyotrichum_prenanthoides,-79.262102,40.43101
Symphyotrichum_prenanthoides,-79.2615,42.37675
Symphyotrichum_prenanthoides,-79.257827,40.163659
Symphyotrichum_prenanthoides,-79.255885,39.334145
Symphyotrichum_prenanthoides,-79.246975,41.054399
Symphyotrichum_prenanthoides,-79.244232,40.662716
Symphyotrichum_prenanthoides,-79.24306,40.24583
Symphyotrichum_prenanthoides,-79.242541,41.295434
Symphyotrichum_prenanthoides,-79.241708,41.31673
Symphyotrichum_prenanthoides,-79.241667,40.1875
Symphyotrichum_prenanthoides,-79.237222,39.573056
Symphyotrichum_prenanthoides,-79.231383,42.3653
Symphyotrichum_prenanthoides,-79.226976,39.860633
Symphyotrichum_prenanthoides,-79.22617,40.95023
Symphyotrichum_prenanthoides,-79.224167,38.466389
Symphyotrichum_prenanthoides,-79.222515,41.581261
Symphyotrichum_prenanthoides,-79.221937,41.347838
Symphyotrichum_prenanthoides,-79.219979,42.11909
Symphyotrichum_prenanthoides,-79.21642,40.042297
Symphyotrichum_prenanthoides,-79.214431,41.454492
Symphyotrichum_prenanthoides,-79.209485,41.333397
Symphyotrichum_prenanthoides,-79.209167,39.59
Symphyotrichum_prenanthoides,-79.195833,39.316667
Symphyotrichum_prenanthoides,-79.19158,40.96401
Symphyotrichum_prenanthoides,-79.189646,40.062792
Symphyotrichum_prenanthoides,-79.188611,39.316111
Symphyotrichum_prenanthoides,-79.183333,39.628611
Symphyotrichum_prenanthoides,-79.182778,38.292778
Symphyotrichum_prenanthoides,-79.176758,39.754529
Symphyotrichum_prenanthoides,-79.170937,41.275049
Symphyotrichum_prenanthoides,-79.17057,40.624693
Symphyotrichum_prenanthoides,-79.168773,40.480617
Symphyotrichum_prenanthoides,-79.16141,41.22122
Symphyotrichum_prenanthoides,-79.161389,40.161667
Symphyotrichum_prenanthoides,-79.15327,41.87621
Symphyotrichum_prenanthoides,-79.13545,39.704806
Symphyotrichum_prenanthoides,-79.134127,39.244653
Symphyotrichum_prenanthoides,-79.1324,39.7609
Symphyotrichum_prenanthoides,-79.131605,39.967404
Symphyotrichum_prenanthoides,-79.129874,41.337653
Symphyotrichum_prenanthoides,-79.122252,39.632586
Symphyotrichum_prenanthoides,-79.122193,41.302944
Symphyotrichum_prenanthoides,-79.117133,39.23415
Symphyotrichum_prenanthoides,-79.108359,39.764497
Symphyotrichum_prenanthoides,-79.088351,41.358646
Symphyotrichum_prenanthoides,-79.085968,40.654234
Symphyotrichum_prenanthoides,-79.084722,40.379167
Symphyotrichum_prenanthoides,-79.084696,41.373991
Symphyotrichum_prenanthoides,-79.08256,40.93293
Symphyotrichum_prenanthoides,-79.08158,41.603045
Symphyotrichum_prenanthoides,-79.071389,39.5925
Symphyotrichum_prenanthoides,-79.07,39.592778
Symphyotrichum_prenanthoides,-79.057911,41.746229
Symphyotrichum_prenanthoides,-79.050034,40.770064
Symphyotrichum_prenanthoides,-79.050034,40.784556
Symphyotrichum_prenanthoides,-79.04846,39.726221
Symphyotrichum_prenanthoides,-79.0392,41.709429
Symphyotrichum_prenanthoides,-79.035595,41.70395
Symphyotrichum_prenanthoides,-79.024159,41.048643
Symphyotrichum_prenanthoides,-79.014676,40.758967
Symphyotrichum_prenanthoides,-79.012292,40.57375
Symphyotrichum_prenanthoides,-79.010198,41.245483
Symphyotrichum_prenanthoides,-79.009987,40.757893
Symphyotrichum_prenanthoides,-79.008703,40.364655
Symphyotrichum_prenanthoides,-79.007898,41.648847
Symphyotrichum_prenanthoides,-79.001481,40.745367
Symphyotrichum_prenanthoides,-78.9956,39.92063
Symphyotrichum_prenanthoides,-78.978371,41.617562
Symphyotrichum_prenanthoides,-78.970867,40.972658
Symphyotrichum_prenanthoides,-78.966407,41.427617
Symphyotrichum_prenanthoides,-78.94337,41.699415
Symphyotrichum_prenanthoides,-78.94,41.047778
Symphyotrichum_prenanthoides,-78.926977,40.778616
Symphyotrichum_prenanthoides,-78.92294,41.199505
Symphyotrichum_prenanthoides,-78.918295,41.999863
Symphyotrichum_prenanthoides,-78.917504,40.712354
Symphyotrichum_prenanthoides,-78.913324,41.53145
Symphyotrichum_prenanthoides,-78.8975,40.660392
Symphyotrichum_prenanthoides,-78.877948,41.38512
Symphyotrichum_prenanthoides,-78.87571,40.96762
Symphyotrichum_prenanthoides,-78.870041,40.071449
Symphyotrichum_prenanthoides,-78.870022,39.763696
Symphyotrichum_prenanthoides,-78.861689,40.056696
Symphyotrichum_prenanthoides,-78.857927,40.035071
Symphyotrichum_prenanthoides,-78.854864,42.030026
Symphyotrichum_prenanthoides,-78.848297,40.06094
Symphyotrichum_prenanthoides,-78.834355,40.847698
Symphyotrichum_prenanthoides,-78.828178,40.613399
Symphyotrichum_prenanthoides,-78.827403,40.043217
Symphyotrichum_prenanthoides,-78.826166,40.279157
Symphyotrichum_prenanthoides,-78.80336,40.569925
Symphyotrichum_prenanthoides,-78.80336,40.584417
Symphyotrichum_prenanthoides,-78.800195,41.778408
Symphyotrichum_prenanthoides,-78.798587,40.613402
Symphyotrichum_prenanthoides,-78.785586,40.83458
Symphyotrichum_prenanthoides,-78.776697,40.766129
Symphyotrichum_prenanthoides,-78.774739,41.79127
Symphyotrichum_prenanthoides,-78.76402,39.652468
Symphyotrichum_prenanthoides,-78.763892,42.011248
Symphyotrichum_prenanthoides,-78.763561,40.881973
Symphyotrichum_prenanthoides,-78.748577,39.954437
Symphyotrichum_prenanthoides,-78.746295,40.300074
Symphyotrichum_prenanthoides,-78.73333,41.45
Symphyotrichum_prenanthoides,-78.731919,39.939214
Symphyotrichum_prenanthoides,-78.718074,39.82314
Symphyotrichum_prenanthoides,-78.715019,40.230633
Symphyotrichum_prenanthoides,-78.701727,40.557418
Symphyotrichum_prenanthoides,-78.699693,41.764352
Symphyotrichum_prenanthoides,-78.685247,41.986625
Symphyotrichum_prenanthoides,-78.679033,41.761706
Symphyotrichum_prenanthoides,-78.679,41.7617
Symphyotrichum_prenanthoides,-78.67086,40.721358
Symphyotrichum_prenanthoides,-78.662968,39.342006
Symphyotrichum_prenanthoides,-78.642462,40.964692
Symphyotrichum_prenanthoides,-78.63896,41.72509
Symphyotrichum_prenanthoides,-78.638926,40.032817
Symphyotrichum_prenanthoides,-78.638359,41.725618
Symphyotrichum_prenanthoides,-78.619218,40.92272
Symphyotrichum_prenanthoides,-78.616439,41.239126
Symphyotrichum_prenanthoides,-78.61197,41.817007
Symphyotrichum_prenanthoides,-78.607796,39.963971
Symphyotrichum_prenanthoides,-78.601417,40.202817
Symphyotrichum_prenanthoides,-78.596667,40.092778
Symphyotrichum_prenanthoides,-78.59113,40.020698
Symphyotrichum_prenanthoides,-78.579169,41.517171
Symphyotrichum_prenanthoides,-78.569897,39.715654
Symphyotrichum_prenanthoides,-78.566276,40.150352
Symphyotrichum_prenanthoides,-78.56558,40.862053
Symphyotrichum_prenanthoides,-78.564037,40.353704
Symphyotrichum_prenanthoides,-78.560856,41.427839
Symphyotrichum_prenanthoides,-78.559483,41.383147
Symphyotrichum_prenanthoides,-78.535432,40.387992
Symphyotrichum_prenanthoides,-78.520685,41.088732
Symphyotrichum_prenanthoides,-78.500168,40.685322
Symphyotrichum_prenanthoides,-78.465556,40.283333
Symphyotrichum_prenanthoides,-78.458742,39.783856
Symphyotrichum_prenanthoides,-78.444741,41.796685
Symphyotrichum_prenanthoides,-78.435572,40.015384
Symphyotrichum_prenanthoides,-78.429734,39.931302
Symphyotrichum_prenanthoides,-78.42929,40.458032
Symphyotrichum_prenanthoides,-78.408847,40.330152
Symphyotrichum_prenanthoides,-78.407652,41.964727
Symphyotrichum_prenanthoides,-78.39759,41.28952
Symphyotrichum_prenanthoides,-78.397231,41.21596
Symphyotrichum_prenanthoides,-78.389642,39.981341
Symphyotrichum_prenanthoides,-78.3725,39.749722
Symphyotrichum_prenanthoides,-78.36488,39.75615
Symphyotrichum_prenanthoides,-78.360605,39.662962
Symphyotrichum_prenanthoides,-78.35773,39.759102
Symphyotrichum_prenanthoides,-78.351129,40.825059
Symphyotrichum_prenanthoides,-78.350915,39.828882
Symphyotrichum_prenanthoides,-78.310134,39.854802
Symphyotrichum_prenanthoides,-78.303702,41.562662
Symphyotrichum_prenanthoides,-78.299618,40.989902
Symphyotrichum_prenanthoides,-78.298717,41.17907
Symphyotrichum_prenanthoides,-78.293561,40.850056
Symphyotrichum_prenanthoides,-78.29008,41.60723
Symphyotrichum_prenanthoides,-78.281907,40.928391
Symphyotrichum_prenanthoides,-78.278067,39.797588
Symphyotrichum_prenanthoides,-78.250389,40.02101
Symphyotrichum_prenanthoides,-78.24537,41.785279
Symphyotrichum_prenanthoides,-78.199137,41.413686
Symphyotrichum_prenanthoides,-78.181198,40.628872
Symphyotrichum_prenanthoides,-78.175012,40.820892
Symphyotrichum_prenanthoides,-78.174445,39.747596
Symphyotrichum_prenanthoides,-78.167024,41.584219
Symphyotrichum_prenanthoides,-78.156044,41.777505
Symphyotrichum_prenanthoides,-78.144729,39.889405
Symphyotrichum_prenanthoides,-78.127289,40.38855
Symphyotrichum_prenanthoides,-78.099734,40.555836
Symphyotrichum_prenanthoides,-78.065586,39.981557
Symphyotrichum_prenanthoides,-78.063559,41.346097
Symphyotrichum_prenanthoides,-78.059449,40.016575
Symphyotrichum_prenanthoides,-78.053496,41.14549
Symphyotrichum_prenanthoides,-78.048621,40.22073
Symphyotrichum_prenanthoides,-78.026533,41.765358
Symphyotrichum_prenanthoides,-78.01868,41.77669
Symphyotrichum_prenanthoides,-77.996751,40.636919
Symphyotrichum_prenanthoides,-77.959835,40.056558
Symphyotrichum_prenanthoides,-77.916447,40.665882
Symphyotrichum_prenanthoides,-77.903935,39.830509
Symphyotrichum_prenanthoides,-77.878249,38.784933
Symphyotrichum_prenanthoides,-77.873202,40.977772
Symphyotrichum_prenanthoides,-77.86344,38.79158
Symphyotrichum_prenanthoides,-77.813579,41.278739
Symphyotrichum_prenanthoides,-77.786618,41.812914
Symphyotrichum_prenanthoides,-77.765692,40.060352
Symphyotrichum_prenanthoides,-77.75082,41.398909
Symphyotrichum_prenanthoides,-77.734578,41.735955
Symphyotrichum_prenanthoides,-77.728608,41.865556
Symphyotrichum_prenanthoides,-77.7208,38.8014
Symphyotrichum_prenanthoides,-77.7133,38.8236
Symphyotrichum_prenanthoides,-77.7111,38.8242
Symphyotrichum_prenanthoides,-77.6879,41.94607
Symphyotrichum_prenanthoides,-77.660265,41.720017
Symphyotrichum_prenanthoides,-77.641931,41.733125
Symphyotrichum_prenanthoides,-77.6017,39.0208
Symphyotrichum_prenanthoides,-77.5833,42.7083
Symphyotrichum_prenanthoides,-77.568911,42.717219
Symphyotrichum_prenanthoides,-77.481238,43.044567
Symphyotrichum_prenanthoides,-77.478,39.658424
Symphyotrichum_prenanthoides,-77.468856,41.817068
Symphyotrichum_prenanthoides,-77.464436,40.863124
Symphyotrichum_prenanthoides,-77.464132,40.278694
Symphyotrichum_prenanthoides,-77.439214,41.885362
Symphyotrichum_prenanthoides,-77.331932,39.940025
Symphyotrichum_prenanthoides,-77.308719,41.614901
Symphyotrichum_prenanthoides,-77.3067,38.8461
Symphyotrichum_prenanthoides,-77.303614,41.645337
Symphyotrichum_prenanthoides,-77.2886,38.9981
Symphyotrichum_prenanthoides,-77.279698,41.437294
Symphyotrichum_prenanthoides,-77.279329,41.436808
Symphyotrichum_prenanthoides,-77.270938,42.53062
Symphyotrichum_prenanthoides,-77.259161,39.721818
Symphyotrichum_prenanthoides,-77.244418,41.768406
Symphyotrichum_prenanthoides,-77.234463,41.627284
Symphyotrichum_prenanthoides,-77.222146,41.270592
Symphyotrichum_prenanthoides,-77.215109,38.795687
Symphyotrichum_prenanthoides,-77.206563,40.435176
Symphyotrichum_prenanthoides,-77.203301,41.903275
Symphyotrichum_prenanthoides,-77.200433,40.348969
Symphyotrichum_prenanthoides,-77.1342,38.8014
Symphyotrichum_prenanthoides,-77.116537,38.929308
Symphyotrichum_prenanthoides,-77.1136,38.925
Symphyotrichum_prenanthoides,-77.1108,38.9394
Symphyotrichum_prenanthoides,-77.095252,43.04673
Symphyotrichum_prenanthoides,-77.091679,41.659633
Symphyotrichum_prenanthoides,-77.082032,39.892724
Symphyotrichum_prenanthoides,-77.0508,38.7894
Symphyotrichum_prenanthoides,-77.047885,41.860966
Symphyotrichum_prenanthoides,-77.044498,39.730669
Symphyotrichum_prenanthoides,-77.0393,41.257621
Symphyotrichum_prenanthoides,-77.016291,38.904774
Symphyotrichum_prenanthoides,-77.011823,39.924609
Symphyotrichum_prenanthoides,-76.992983,42.230261
Symphyotrichum_prenanthoides,-76.979965,41.279902
Symphyotrichum_prenanthoides,-76.949267,42.951859
Symphyotrichum_prenanthoides,-76.944457,41.506464
Symphyotrichum_prenanthoides,-76.929799,42.02276
Symphyotrichum_prenanthoides,-76.898618,40.019176
Symphyotrichum_prenanthoides,-76.806014,41.216133
Symphyotrichum_prenanthoides,-76.800509,41.155577
Symphyotrichum_prenanthoides,-76.7986,39.2672
Symphyotrichum_prenanthoides,-76.793842,41.954728
Symphyotrichum_prenanthoides,-76.791082,40.239911
Symphyotrichum_prenanthoides,-76.76121,40.317266
Symphyotrichum_prenanthoides,-76.758202,42.443508
Symphyotrichum_prenanthoides,-76.709689,40.397622
Symphyotrichum_prenanthoides,-76.707177,41.40774
Symphyotrichum_prenanthoides,-76.687571,41.035907
Symphyotrichum_prenanthoides,-76.662971,40.309356
Symphyotrichum_prenanthoides,-76.660246,40.158149
Symphyotrichum_prenanthoides,-76.651485,41.016598
Symphyotrichum_prenanthoides,-76.650784,41.632298
Symphyotrichum_prenanthoides,-76.650247,40.242444
Symphyotrichum_prenanthoides,-76.645068,41.855497
Symphyotrichum_prenanthoides,-76.644331,41.605164
Symphyotrichum_prenanthoides,-76.575445,41.409648
Symphyotrichum_prenanthoides,-76.569959,40.880046
Symphyotrichum_prenanthoides,-76.548261,39.415303
Symphyotrichum_prenanthoides,-76.54325,40.050133
Symphyotrichum_prenanthoides,-76.535451,40.069851
Symphyotrichum_prenanthoides,-76.507314,40.181386
Symphyotrichum_prenanthoides,-76.499662,42.454383
Symphyotrichum_prenanthoides,-76.496607,42.440628
Symphyotrichum_prenanthoides,-76.482996,42.447017
Symphyotrichum_prenanthoides,-76.478304,40.384604
Symphyotrichum_prenanthoides,-76.475534,41.360492
Symphyotrichum_prenanthoides,-76.473865,41.378783
Symphyotrichum_prenanthoides,-76.464315,41.561167
Symphyotrichum_prenanthoides,-76.429443,40.143984
Symphyotrichum_prenanthoides,-76.349429,42.967943
Symphyotrichum_prenanthoides,-76.349252,42.967954
Symphyotrichum_prenanthoides,-76.3458,42.96742
Symphyotrichum_prenanthoides,-76.344965,39.830319
Symphyotrichum_prenanthoides,-76.34205,39.483692
Symphyotrichum_prenanthoides,-76.339659,40.474414
Symphyotrichum_prenanthoides,-76.333416,41.457458
Symphyotrichum_prenanthoides,-76.309628,39.813909
Symphyotrichum_prenanthoides,-76.285284,39.799723
Symphyotrichum_prenanthoides,-76.281979,40.249474
Symphyotrichum_prenanthoides,-76.275545,41.45784
Symphyotrichum_prenanthoides,-76.25103,42.569053
Symphyotrichum_prenanthoides,-76.243888,42.562955
Symphyotrichum_prenanthoides,-76.24353,42.564472
Symphyotrichum_prenanthoides,-76.241914,41.910577
Symphyotrichum_prenanthoides,-76.24177,40.02529
Symphyotrichum_prenanthoides,-76.23731,40.10476
Symphyotrichum_prenanthoides,-76.227161,39.750608
Symphyotrichum_prenanthoides,-76.209932,41.331469
Symphyotrichum_prenanthoides,-76.209167,39.424167
Symphyotrichum_prenanthoides,-76.202418,39.931079
Symphyotrichum_prenanthoides,-76.189663,40.6801
Symphyotrichum_prenanthoides,-76.185209,40.860919
Symphyotrichum_prenanthoides,-76.170395,42.48412
Symphyotrichum_prenanthoides,-76.15728,42.991286
Symphyotrichum_prenanthoides,-76.142096,40.860918
Symphyotrichum_prenanthoides,-76.115771,40.719534
Symphyotrichum_prenanthoides,-76.111474,41.446877
Symphyotrichum_prenanthoides,-76.106317,41.749332
Symphyotrichum_prenanthoides,-76.100553,41.957988
Symphyotrichum_prenanthoides,-76.089673,39.821494
Symphyotrichum_prenanthoides,-76.086343,42.995547
Symphyotrichum_prenanthoides,-76.08624,42.770104
Symphyotrichum_prenanthoides,-76.085491,40.73678
Symphyotrichum_prenanthoides,-76.085491,42.771531
Symphyotrichum_prenanthoides,-76.084053,42.771522
Symphyotrichum_prenanthoides,-76.030558,40.328198
Symphyotrichum_prenanthoides,-76.017442,40.149657
Symphyotrichum_prenanthoides,-75.920477,42.836628
Symphyotrichum_prenanthoides,-75.897233,41.762151
Symphyotrichum_prenanthoides,-75.895247,41.762495
Symphyotrichum_prenanthoides,-75.891732,40.497272
Symphyotrichum_prenanthoides,-75.891716,40.497627
Symphyotrichum_prenanthoides,-75.885792,40.616698
Symphyotrichum_prenanthoides,-75.862022,40.59574
Symphyotrichum_prenanthoides,-75.857697,40.533056
Symphyotrichum_prenanthoides,-75.847608,40.616698
Symphyotrichum_prenanthoides,-75.84312,42.979492
Symphyotrichum_prenanthoides,-75.842937,42.978425
Symphyotrichum_prenanthoides,-75.842762,42.979617
Symphyotrichum_prenanthoides,-75.842322,42.979388
Symphyotrichum_prenanthoides,-75.805937,41.987715
Symphyotrichum_prenanthoides,-75.779884,40.453977
Symphyotrichum_prenanthoides,-75.777761,40.54302
Symphyotrichum_prenanthoides,-75.751257,41.553168
Symphyotrichum_prenanthoides,-75.748417,41.766493
Symphyotrichum_prenanthoides,-75.742451,41.964333
Symphyotrichum_prenanthoides,-75.706477,41.342764
Symphyotrichum_prenanthoides,-75.703078,41.546956
Symphyotrichum_prenanthoides,-75.689479,42.623443
Symphyotrichum_prenanthoides,-75.67666,41.029287
Symphyotrichum_prenanthoides,-75.673693,40.654261
Symphyotrichum_prenanthoides,-75.644084,41.375451
Symphyotrichum_prenanthoides,-75.605488,39.960664
Symphyotrichum_prenanthoides,-75.602198,40.264696
Symphyotrichum_prenanthoides,-75.599627,41.943414
Symphyotrichum_prenanthoides,-75.586791,40.238693
Symphyotrichum_prenanthoides,-75.563359,41.403025
Symphyotrichum_prenanthoides,-75.540331,41.496834
Symphyotrichum_prenanthoides,-75.526305,41.927359
Symphyotrichum_prenanthoides,-75.493725,40.339311
Symphyotrichum_prenanthoides,-75.493372,40.337463
Symphyotrichum_prenanthoides,-75.490249,40.334919
Symphyotrichum_prenanthoides,-75.475865,40.27459
Symphyotrichum_prenanthoides,-75.438555,40.133008
Symphyotrichum_prenanthoides,-75.423066,39.906747
Symphyotrichum_prenanthoides,-75.419999,40.259805
Symphyotrichum_prenanthoides,-75.419428,40.337672
Symphyotrichum_prenanthoides,-75.388791,41.892268
Symphyotrichum_prenanthoides,-75.352687,41.451304
Symphyotrichum_prenanthoides,-75.349182,41.822125
Symphyotrichum_prenanthoides,-75.320697,41.243758
Symphyotrichum_prenanthoides,-75.316134,40.292637
Symphyotrichum_prenanthoides,-75.312842,41.335142
Symphyotrichum_prenanthoides,-75.312814,40.343187
Symphyotrichum_prenanthoides,-75.307384,40.385482
Symphyotrichum_prenanthoides,-75.305011,40.434451
Symphyotrichum_prenanthoides,-75.265983,44.354436
Symphyotrichum_prenanthoides,-75.265,44.355
Symphyotrichum_prenanthoides,-75.259284,41.576624
Symphyotrichum_prenanthoides,-75.251141,40.169486
Symphyotrichum_prenanthoides,-75.223783,41.855921
Symphyotrichum_prenanthoides,-75.222686,40.069967
Symphyotrichum_prenanthoides,-75.221179,40.060427
Symphyotrichum_prenanthoides,-75.220732,40.688432
Symphyotrichum_prenanthoides,-75.21794,40.68544
Symphyotrichum_prenanthoides,-75.217494,40.137741
Symphyotrichum_prenanthoides,-75.209767,44.31313
Symphyotrichum_prenanthoides,-75.199847,40.022465
Symphyotrichum_prenanthoides,-75.197676,40.128443
Symphyotrichum_prenanthoides,-75.17755,40.969353
Symphyotrichum_prenanthoides,-75.163789,39.952335
Symphyotrichum_prenanthoides,-75.155801,40.221622
Symphyotrichum_prenanthoides,-75.144854,40.894333
Symphyotrichum_prenanthoides,-75.129894,40.310106
Symphyotrichum_prenanthoides,-75.121217,40.002585
Symphyotrichum_prenanthoides,-74.935444,40.21372
Symphyotrichum_prenanthoides,-74.902254,40.123011
Symphyotrichum_prenanthoides,-74.902171,40.123749
Symphyotrichum_prenanthoides,-74.822248,42.094495
Symphyotrichum_prenanthoides,-74.821587,40.217238
Symphyotrichum_prenanthoides,-74.817202,42.095858
Symphyotrichum_prenanthoides,-74.709046,42.024256
Symphyotrichum_prenanthoides,-74.696442,43.065204
Symphyotrichum_prenanthoides,-74.63122,42.371464
Symphyotrichum_prenanthoides,-74.619877,42.147866
Symphyotrichum_prenanthoides,-74.441201,40.642048
Symphyotrichum_prenanthoides,-74.25027,41.88333
Symphyotrichum_prenanthoides,-74.153,41.754
Symphyotrichum_prenanthoides,-74.081269,41.313351
Symphyotrichum_prenanthoides,-73.965138,41.827871
Symphyotrichum_prenanthoides,-73.886494,40.900782
Symphyotrichum_prenanthoides,-73.763356,42.408126
Symphyotrichum_prenanthoides,-73.730956,42.355362
Symphyotrichum_prenanthoides,-73.696652,40.673244
Symphyotrichum_prenanthoides,-73.65639,41.97972
Symphyotrichum_prenanthoides,-73.61833,41.36611
Symphyotrichum_prenanthoides,-73.559651,40.885029
Symphyotrichum_prenanthoides,-73.38112,42.476564
Symphyotrichum_prenanthoides,-73.31824,42.542709
Symphyotrichum_prenanthoides,-73.009186,42.593497
Symphyotrichum_prenanthoides,-72.51503,42.400424
